連絡日時,件名,内容,発信者,宛先
10:39,府下市町村長への連絡,"（寝屋川市長宛）
もしもし、寝屋川市長、お時間よろしいでしょうか。こちらは本市長です。
地震により本市穂谷地区で土砂崩れが発生し、同地区を中心に停電と断水が発生しています。住民の安全確保と復旧支援が急務です。人的応援、重機の派遣、給水支援などのご協力をお願いできないでしょうか。対応可能な支援内容と到着見込みをお知らせください。
現状を補足します。穂谷２丁目～３丁目付近で土砂災害が発生し、住宅４棟が被災、住民が埋もれている可能性があり捜索・救助を本日１０：３０から開始しています。警察・消防による合同現地本部を設置しており、市役所では住民対応やマスコミ対応を求められています。また、本市域では東香里１丁目周辺、宮之阪・星丘周辺、香里ケ丘１～３丁目で停電が発生しており、原因究明後に復旧作業に入る見込みです。
お手伝いいただける内容（人的応援、重機、給水車、住民対応支援、広報対応など）と到着見込みをお知らせいただけますか。調整は本市防災対策本部で行いますので、折り返しご連絡をお願いします。

（高槻市長宛）
もしもし、高槻市長、お時間いただけますか。こちらは本市長です。
地震により本市穂谷地区で土砂崩れが発生し、同地区を中心に停電と断水が発生しています。住民の安全確保と復旧支援が急務です。人的応援、重機の派遣、給水支援などのご協力をお願いできないでしょうか。対応可能な支援内容と到着見込みをお知らせください。
補足します。穂谷２丁目～３丁目付近で土砂災害が発生し、住宅４棟が被災、埋没の可能性があるため捜索・救助を１０：３０から開始しています。警察・消防が合同現地本部で指揮をとっており、市では住民対応や報道対応を求められています。併せて、本市内の東香里１丁目、宮之阪・星丘、香里ケ丘１～３丁目で停電が発生しており、原因究明後に復旧作業を行う旨の報告があります。
人的応援、重機、給水支援、住民対応や広報支援など、提供可能な支援内容と到着見込みをお知らせください。調整は本市防災対策本部で進めますので、折り返しのご連絡をお願いいたします。",市長,"寝屋川市長, 高槻市長"
